target_name,data_file,norm,index,grid_name,teff,tinner,number,odep
04509-6922.csv,target_data/04509-6922.csv,1.010900900900901e-12,5532,year4,3700,1400,33,0.745
05003-6712.csv,target_data/05003-6712.csv,1.100900900900901e-13,545,year4,2800,1200,46,1.69
